Project_ID,Project_Name,Status
1001,Grass-roots fault-tolerant algorithm,Cancelled
1002,Reactive directional array,Cancelled
1003,Focused holistic concept,Development
1004,Universal attitude-oriented orchestration,Execution
1005,Function-based bifurcated interface,Closed Lost
1006,Streamlined user-facing focus group,Cancelled
1007,Self-enabling mobile structure,Closed Lost
1008,Triple-buffered neutral knowledgebase,Closed Won
1009,Ergonomic client-driven frame,Cancelled
1010,Cloned even-keeled matrix,Closed Won
1011,Vision-oriented background data-warehouse,Closed Lost
1012,Up-sized hybrid contingency,Closed Won
1013,Virtual logistical architecture,Development
1014,Fundamental regional focus group,Execution
1015,Synergized analyzing architecture,Execution
1016,Sharable scalable open system,Execution
1017,Versatile 5thgeneration service-desk,Closed Lost
1018,Fully-configurable motivating middleware,Closed Lost
1019,Cross-group 5thgeneration standardization,Execution
1020,Profound transitional service-desk,Closed Won
1021,Future-proofed 3rdgeneration instruction set,Closed Won
1022,Managed 24hour projection,Cancelled
1023,Exclusive 24/7 product,Execution
1024,Optional discrete application,Closed Won
1025,Future-proofed full-range challenge,Closed Won
1026,Object-based maximized synergy,Development
1027,Managed uniform emulation,Initiation
1028,Versatile exuding moratorium,Closed Lost
1029,Profound web-enabled application,Closed Lost
1030,Robust homogeneous implementation,Closed Lost
1031,Business-focused background groupware,Closed Won
1032,Profound user-facing neural-net,Development
1033,Digitized composite standardization,Cancelled
1034,Inverse tertiary forecast,Initiation
1035,Stand-alone didactic moderator,Development
1036,Fundamental regional neural-net,Closed Won
1037,Configurable scalable policy,Execution
1038,Versatile executive orchestration,Initiation
1039,Automated directional projection,Closed Won
1040,Switchable asymmetric database,Development
1041,Function-based bottom-line parallelism,Initiation
1042,Front-line analyzing open architecture,Closed Won
1043,Future-proofed stable policy,Initiation
1044,Self-enabling client-driven protocol,Closed Lost
1045,Seamless content-based info-mediaries,Initiation
1046,Implemented encompassing matrix,Execution
1047,Innovative context-sensitive parallelism,Initiation
1048,Distributed asynchronous Internet solution,Initiation
1049,Robust 3rdgeneration archive,Cancelled
1050,Sharable zero-defect complexity,Initiation
1051,Pre-emptive asymmetric flexibility,Execution
1052,Cross-group optimizing encoding,Cancelled
1053,Focused tangible analyzer,Development
1054,Front-line analyzing pricing structure,Closed Won
1055,Diverse stable moratorium,Closed Won
1056,Quality-focused holistic portal,Closed Lost
1057,Re-contextualized neutral software,Initiation
1058,Centralized neutral matrix,Execution
1059,Sharable 5thgeneration hardware,Closed Won
1060,Upgradable logistical portal,Closed Won
1061,Multi-lateral background throughput,Closed Lost
1062,Synergized discrete policy,Closed Won
1063,Fully-configurable reciprocal core,Initiation
1064,Reduced reciprocal core,Cancelled
1065,Secured systematic ability,Closed Lost
1066,Future-proofed well-modulated structure,Closed Lost
1067,Down-sized exuding knowledge user,Cancelled
1068,Up-sized responsive process improvement,Development
1069,Multi-layered scalable application,Development
1070,Phased intangible algorithm,Closed Won
1071,Customizable actuating core,Closed Won
1072,Synergistic regional Graphical User Interface,Cancelled
1073,Total mobile adapter,Development
1074,Organized 6thgeneration Internet solution,Initiation
1075,Digitized 6thgeneration utilization,Initiation
1076,Profit-focused clear-thinking encryption,Closed Lost
1077,Front-line cohesive pricing structure,Closed Lost
1078,Realigned next generation artificial intelligence,Development
1079,Optimized mission-critical throughput,Initiation
1080,Future-proofed value-added capability,Closed Won
1081,Synchronized discrete extranet,Closed Won
1082,Down-sized clear-thinking portal,Development
1083,Organized background conglomeration,Initiation
1084,Persistent well-modulated service-desk,Development
1085,Up-sized upward-trending standardization,Development
1086,Up-sized global encoding,Closed Lost
1087,Stand-alone zero-defect pricing structure,Execution
1088,Versatile upward-trending migration,Execution
1089,User-friendly interactive architecture,Closed Won
1090,Inverse 4thgeneration moratorium,Execution
1091,Profit-focused motivating moratorium,Closed Won
1092,Open-architected modular neural-net,Closed Lost
1093,Enterprise-wide multi-state orchestration,Closed Won
1094,Reduced methodical contingency,Closed Lost
1095,Virtual composite architecture,Initiation
1096,Reactive client-server toolset,Execution
1097,Fully-configurable foreground forecast,Initiation
1098,Visionary fresh-thinking algorithm,Development
1099,Exclusive hybrid utilization,Execution
1100,Distributed scalable intranet,Closed Lost
