ResourceID,Resource_Name,Band
1,Mary Andersen,5
2,Monica Phillips,8
3,Jerry Olson,7
4,James Mullins,3
5,Cynthia Young,3
6,Tina Bowman,4
7,Kevin Reyes,8
8,Michelle Ramirez,5
9,Kristina Leach,8
10,Patricia Hernandez,3
11,Aaron Rodriguez,3
12,Wayne Phillips,7
13,Kristina Watson,4
14,Michael Richardson,7
15,Laurie Cohen,6
16,Monica Brown,8
17,Duane Chung Jr.,3
18,Patricia Williams,3
19,Barbara Miranda,5
20,Joseph Nolan,3
21,Corey Lyons DDS,6
22,Donna Ellis,4
23,Carla Perkins,5
24,Mr. Daniel Leblanc,7
25,David Walker,7
26,Jessica Campbell,5
27,Nicholas Brown,7
28,Brian Fowler,8
29,Mr. Gabriel Kennedy,6
30,Virginia Bruce,4
31,Joseph Douglas,4
32,Brittney Gross,5
33,Marcus Mercado,4
34,Matthew Murphy,6
35,Alexa Reynolds,6
36,Tammy Rhodes,4
37,Kimberly Sanders,7
38,Leah Baxter,7
39,Logan Brown,4
40,Leah White,5
41,Catherine Blackburn,7
42,Mary Moore,7
43,Charles Larsen,7
44,Jeffrey Shelton,6
45,Megan Davis,5
46,Bryan Atkinson,5
47,Christina Haney,5
48,Melody Nicholson,8
49,Allison Scott,4
50,Diane Nelson,6
51,Sharon Howell,7
52,Cody Ramos,7
53,Susan Stewart,8
54,Brian Collier,7
55,Mrs. Linda Liu MD,4
56,Katrina Young,3
57,Lisa Navarro,4
58,Robin David,8
59,Juan Moran,7
60,Angelica Cunningham,4
61,Stephanie Barnes,3
62,Jose Ingram,7
63,Kara Walton,8
64,Sherri Sullivan,4
65,Wesley Lowery,6
66,Jonathan Lin,3
67,Mrs. Samantha Williams,8
68,Mary Schultz,5
69,Brian Bush,6
70,Eric Stevens,6
71,Joshua Marsh,4
72,Veronica Glover,7
73,Theresa Spencer,8
74,William Paul,6
75,Cynthia Gomez,4
76,Mr. Henry Freeman,8
77,Jeanette Williams,4
78,Jeffrey Campbell,4
79,Gary Jackson,3
80,Kelly Wright,4
81,Kyle Ford,6
82,Patrick Evans,3
83,Katherine James,5
84,David Poole,4
85,Thomas Harding,7
86,David Simon,5
87,Randy Roth,3
88,Raymond Zamora,4
89,Denise Frey,7
90,Tina Cuevas,6
91,Jose Parks,7
92,Kevin Ramos,4
93,Cynthia Garrison,3
94,Darlene Sloan,4
95,Deborah Young,3
96,John Mayo,3
97,Timothy Stevens,7
98,Joseph Parsons,8
99,Pamela Martin,3
100,Heather Brown,5
101,Jessica Simpson,7
102,Amanda Gray,5
103,Darren Gibbs,6
104,Elizabeth Gardner,4
105,Heather Norman,6
106,Alexander Palmer,7
107,Michelle Brooks,3
108,Kaylee Garcia,3
109,Dr. Melody Morton MD,5
110,Dennis Jones,4
111,William Weaver,6
112,Sue Scott,3
113,Michael Benton,4
114,Christopher Monroe,5
115,Jeffery Beltran,7
116,Sierra Wheeler,5
117,Michael Johnson,4
118,James Wang,4
119,Stacie Taylor,5
120,Melissa Warren,5
121,Jordan Baker,6
122,Jonathan Taylor,8
123,Theodore Nguyen,6
124,Isaiah Gutierrez,8
125,Christy Gutierrez,8
126,Timothy Nelson,7
127,Mary Herrera MD,4
128,Gabrielle Skinner,5
129,Dustin Hartman,6
130,Dr. Wendy Morris,5
131,Anthony Rodriguez,8
132,Jeremy Davis,7
133,Matthew Rodriguez,7
134,Christopher Vargas,4
135,Angela Chen,6
136,Jesse Parks,6
137,Abigail Lane,6
138,Joshua Rivera,6
139,Cindy Baker,5
140,Kelly Miller,6
141,Katrina Ellis,3
142,Rachel Schaefer,3
143,Sheri Gutierrez,7
144,Matthew Taylor,5
145,Susan Mason,4
146,Vanessa Murray,4
147,Christopher Booker,4
148,Abigail Adams,7
149,Deborah Armstrong,4
150,Stephanie Snyder,5
151,Jamie Clark,3
152,Sarah Wolf,4
153,Anthony Mitchell,7
154,Melvin Ayers,3
155,Thomas Khan,7
156,Alyssa Gray,6
157,Sean Wilson,5
158,Christine Miller,6
159,Carolyn King,6
160,Jeffrey Wheeler,8
161,Samantha Peterson,8
162,Sarah Gray,5
163,Todd Schultz,3
164,Cynthia York,3
165,Alexander May,5
166,Matthew Graham,3
167,Rachel Campbell,5
168,Anthony Raymond,4
169,Nancy Thompson,3
170,Brenda Brown,8
171,Christopher Hawkins,5
172,Adriana Poole,6
173,Christy Edwards,5
174,Cynthia Martin,8
175,David Tucker,3
176,Betty Lee,7
177,Jennifer Willis,5
178,Reginald Juarez,4
179,Dylan Pratt,4
180,Joseph Bond,4
181,Linda Williams,3
182,Courtney Stevens,7
183,Aaron Hunt,5
184,Kenneth Garza,8
185,Joy Allen,5
186,William Mills,7
187,Brandy Thompson,5
188,David Perez,4
189,John Patel,5
190,Christopher Reynolds,8
191,Timothy Powers,7
192,Lisa Foster,3
193,Michael Ward,3
194,Caitlyn Davila,5
195,Jessica Moore,3
196,Bradley Donovan,3
197,Elizabeth Morales,7
198,Dana Jones,7
199,Eric Brown,6
200,Catherine Jackson,8
201,Jeremy Garza,6
202,Michael Olson,4
203,Tyler Rodriguez,4
204,Angela Williams,5
205,Andrea Valdez MD,3
206,Valerie Jackson,4
207,Frank Williams,6
208,Angela Pitts,6
209,Todd Pope,3
210,Aaron Martin,5
211,Heather Tucker,3
212,Rose Wilson,7
213,Travis Martinez,3
214,Susan Molina,4
215,Tracy Bryant MD,5
216,Lisa Wade,6
217,Robyn Hawkins,4
218,Andrew Harvey,8
219,Carl Mayer,8
220,Roy Parker,5
221,Justin Young,5
222,Vicki Griffin,7
223,Joseph Mitchell,3
224,Alicia Harvey,7
225,Cody Anderson,5
226,Maxwell Lewis,7
227,Deborah Smith,6
228,Derek Reed,4
229,Joseph Miller,6
230,Danny Clark,7
231,Kenneth Mckay,4
232,Ronald Anderson,8
233,Paul Rodriguez,4
234,Brady Wright,7
235,Joel Harris,3
236,Kevin Swanson,7
237,Melanie Kim,7
238,Thomas Anderson,7
239,Jerry Bishop,3
240,Martin Lee,3
241,Samuel White,4
242,Brandon Jackson,8
243,Gregory Brennan,7
244,Allison Nelson,8
245,Donna Ewing,4
246,Audrey Rollins,6
247,James Johnson,7
248,Randy Williams,3
249,Carl Martinez,7
250,Brenda Davenport,8
251,Heidi Allen,8
252,Tammy Garcia,8
253,Christopher Bowen,8
254,Aaron Miller,6
255,Clinton Anderson,3
256,Wesley Rodriguez,5
257,Ann Fuller,5
258,Seth West,6
259,Barbara Shields,4
260,Drew Holloway,8
261,Jaclyn Norris,8
262,Lori Doyle,6
263,Samantha White,4
264,Carol Miller,3
265,John Robinson,3
266,Paul Kim,8
267,Tyler Carroll,6
268,Deborah Schwartz,5
269,Michele Larson,8
270,Jason Johnson,7
271,Laura Arnold,6
272,Julie Black,5
273,Jose Davis,8
274,Amanda Taylor,4
275,Amber Thompson,6
276,Juan Gill,4
277,Carlos Pratt,6
278,Christopher Mckee,8
279,Kathryn Turner,6
280,Mr. Michael Hendrix,5
281,James Gonzalez,3
282,Thomas Nguyen,6
283,Jennifer Smith,5
284,Kayla Mendoza,5
285,Robert Rodriguez,6
286,Jorge George,3
287,Grace Farmer,4
288,James Murillo,5
289,Abigail Hoover,4
290,Patrick Stokes,5
291,Juan Gray,4
292,Andrea Maldonado,6
293,Matthew Ford,5
294,Beverly Wallace,6
295,Marilyn Rojas,3
296,Michael Thomas,6
297,Stephen Guerrero,8
298,Natalie Estrada,3
299,Kayla Johnson,3
300,Nicole Brooks,5
301,Aaron Howell,7
302,Jasmin Evans,4
303,Sarah Long,7
304,Guy Villegas,4
305,Alyssa Booth,5
306,Andrea Costa,5
307,Hannah Webb,4
308,David Gray,8
309,Mrs. Erin Horne MD,7
310,Sandra Washington,5
311,Mrs. Cindy Dickson,5
312,Michael Pope,7
313,Brittany Smith,5
314,Gregory Miller,8
315,Michael Hudson,5
316,Bryan Cooper,8
317,Stephen Anderson,5
318,Vanessa Lee,3
319,John Elliott,8
320,Lauren Greer,8
321,Megan Shields,4
322,Jill Livingston,8
323,Jason Burgess,3
324,Troy Williams,6
325,Gary Lewis,7
326,Sherry Brown,8
327,Tiffany Black,8
328,Sandra Arnold,5
329,Shawn Evans,3
330,Billy Johnson,6
331,Anthony Wilson,8
332,Michael Taylor,5
333,Christopher Rowe,7
334,Amy Gonzalez,8
335,Malik Hill,6
336,Katie Hernandez,5
337,Dana Mann,3
338,Antonio Thomas,7
339,Traci Sanchez,7
340,Tracy Maddox,5
341,Stacy Pierce,8
342,Gabriel Rasmussen,8
343,Paula Reyes,3
344,Ross Davis,6
345,Patricia Newton,4
346,Cassandra Nielsen,7
347,Anthony Green,4
348,Natalie Mendoza,3
349,Lindsey Stanton,3
350,Christina Wolf,7
351,Zachary Maxwell,5
352,Alec Krause,7
353,Spencer Ponce,8
354,Sarah Hernandez,5
355,Ethan Davis,7
356,Melissa Gardner,5
357,Jamie Nguyen,5
358,Benjamin Irwin,7
359,Christopher Shaw,5
360,Michael Hawkins,3
361,Heidi Murphy MD,8
362,Dorothy Parker,7
363,Morgan Kennedy,6
364,Sarah Gilbert,8
365,James Long,8
366,James Warren,3
367,Robert Price,5
368,Kathy Carrillo,5
369,Dylan Martinez II,8
370,Scott Garcia,6
371,Cory White,8
372,Jeffery Harris,5
373,Deborah Cohen,6
374,Michele Sanders,3
375,Cassie Hughes,5
376,Anthony Escobar,4
377,Julie Peters,3
378,William Smith,8
379,Christopher Cooper,7
380,Ronald Glenn,4
381,Ricardo Campos MD,6
382,Stacie Sullivan,5
383,Johnny Robinson,3
384,Janice Young,5
385,Gloria Black,3
386,Maria Fox,5
387,Jason Tucker,5
388,Todd Heath,5
389,Shane Edwards,8
390,Kimberly Clark,4
391,Andrew James,3
392,Donna Church,8
393,Joseph Brock,5
394,Kristin Webb,4
395,Ernest Williams,6
396,Mr. Anthony Gibbs,3
397,Melissa Flores DDS,7
398,Douglas Anderson,8
399,Karen Brewer,8
400,Christian Randolph,3
401,Julie Flores,4
402,Kristin Ramsey,8
403,Christina Davis,6
404,Teresa Sutton,3
405,Sabrina Vasquez,3
406,Julie Powers DDS,5
407,John Marshall,4
408,Shane Jones,6
409,Lisa Anderson,8
410,Sally Serrano,8
411,Alex Mccormick,4
412,Ashley Chapman,7
413,Amanda Brown,3
414,Brandon Ortiz,3
415,Sara Hoffman,7
416,Bobby Warren,7
417,Kathy Torres,8
418,Douglas Nguyen,8
419,Andrea Morris,8
420,Lisa Clark,6
421,Nathan Williamson,3
422,Mr. Cody Rangel DDS,6
423,Darren Martin,7
424,Heidi Jones,7
425,Katie Gonzalez,3
426,Pamela Glover,6
427,Alexis Miller,8
428,Brenda Torres,6
429,Melissa Jones,8
430,Bailey Duncan,7
431,Jillian Hicks,6
432,John Thomas,5
433,Joshua Fowler,3
434,Lisa Zimmerman DDS,8
435,Andrew Moreno,5
436,Andrew Gomez,5
437,Miss Mary Cox,5
438,Ronald Pena,7
439,Daniel Mccarty,7
440,Aaron Duncan,6
441,Ashley Cook,4
442,Brandi Knapp,3
443,Tiffany Mason,6
444,Sandra Mack,3
445,Victoria Knight,8
446,Tracy Estes,7
447,Melissa Mcgrath,6
448,Shelby Smith,8
449,Joyce Estrada,7
450,Kimberly Brown,7
451,Patricia Hicks,7
452,Spencer Gonzales,4
453,Charles Mcknight,4
454,Stacey Villanueva,4
455,Laura Medina,4
456,Daniel Ward,3
457,Jack Taylor,7
458,Frances Cole PhD,7
459,Samuel Armstrong,5
460,Nathaniel Ferguson,5
461,Dylan Hansen,6
462,Dustin Lewis,3
463,Diamond Guzman,6
464,John Terry,3
465,Tricia Collins,5
466,Maurice Meyer,7
467,Jason West,5
468,Daniel Benitez,8
469,Dawn Hernandez,8
470,Catherine Woodward,5
471,Lance Howell,8
472,Jacob Wells,4
473,Laura Weaver,8
474,Jeffrey Pratt,6
475,Mr. Kevin Willis,7
476,Mckenzie Baker,3
477,Danielle Brown,4
478,James Holmes,7
479,David Mccall,3
480,Kelsey Watts,7
481,Christina Bryan,3
482,Michael Carroll,6
483,Erin Turner,6
484,Gregory Hanson,6
485,Natasha Murray DDS,3
486,Henry Zhang,5
487,Michelle Solomon,8
488,Stephen Cruz,8
489,Jamie Miller,3
490,Patty Jones,4
491,David Bradley,5
492,Victoria Petty,5
493,Allen Pratt MD,3
494,Katherine Kelly,8
495,Melissa Miller,8
496,Jeffery Scott,4
497,Adam Hughes,6
498,Chelsea Flores,6
499,Gregory Lee,3
500,Justin Rhodes,7
