Cost_ID,Fiscal_Year,Region_Code,Lenovo_Band,Local_Currency,Daily_Rate_Local,Exchange_Rate,Daily_Rate_USD
5000,FY25,GZ,3,CNY,667.85,6.8157,97.99
5001,FY25,SZ,3,CNY,667.85,6.8157,97.99
5002,FY25,MY,3,MYR,285.95,4.09,69.91
5003,FY25,PH,3,USD,65.55,1.0,65.55
5004,FY25,HK,3,HKD,1375.6,7.8344,175.58
5005,FY25,SG,3,SGD,223.25,1.2712,175.62
5006,FY25,GZ,4,CNY,897.75,6.8157,131.72
5007,FY25,SZ,4,CNY,988.95,6.8157,145.1
5008,FY25,MY,4,MYR,526.3,4.09,128.68
5009,FY25,PH,4,USD,85.5,1.0,85.5
5010,FY25,HK,4,HKD,1553.25,7.8344,198.26
5011,FY25,SG,4,SGD,251.75,1.2712,198.04
5012,FY25,GZ,5,CNY,1130.5,6.8157,165.87
5013,FY25,SZ,5,CNY,1210.3,6.8157,177.58
5014,FY25,MY,5,MYR,563.35,4.09,137.74
5015,FY25,PH,5,USD,111.15,1.0,111.15
5016,FY25,HK,5,HKD,1669.15,7.8344,213.05
5017,FY25,SG,5,SGD,270.75,1.2712,212.99
5018,FY25,GZ,6,CNY,1387.95,6.8157,203.64
5019,FY25,SZ,6,CNY,1665.35,6.8157,244.34
5020,FY25,MY,6,MYR,710.6,4.09,173.74
5021,FY25,PH,6,USD,138.7,1.0,138.7
5022,FY25,HK,6,HKD,2387.35,7.8344,304.73
5023,FY25,SG,6,SGD,386.65,1.2712,304.16
5024,FY25,GZ,7,CNY,1820.2,6.8157,267.06
5025,FY25,SZ,7,CNY,2037.75,6.8157,298.98
5026,FY25,MY,7,MYR,980.4,4.09,239.71
5027,FY25,PH,7,USD,180.5,1.0,180.5
5028,FY25,HK,7,HKD,2823.4,7.8344,360.38
5029,FY25,SG,7,SGD,457.9,1.2712,360.21
5030,FY25,GZ,8,CNY,2466.2,6.8157,361.84
5031,FY25,SZ,8,CNY,2705.6,6.8157,396.97
5032,FY25,MY,8,MYR,1523.8,4.09,372.57
5033,FY25,PH,8,USD,298.3,1.0,298.3
5034,FY25,HK,8,HKD,4128.7,7.8344,527.0
5035,FY25,SG,8,SGD,669.75,1.2712,526.86
5036,FY26,GZ,3,CNY,703.0,6.8157,103.14
5037,FY26,SZ,3,CNY,703.0,6.8157,103.14
5038,FY26,MY,3,MYR,301.0,4.09,73.59
5039,FY26,PH,3,USD,69.0,1.0,69.0
5040,FY26,HK,3,HKD,1448.0,7.8344,184.83
5041,FY26,SG,3,SGD,235.0,1.2712,184.86
5042,FY26,GZ,4,CNY,945.0,6.8157,138.65
5043,FY26,SZ,4,CNY,1041.0,6.8157,152.74
5044,FY26,MY,4,MYR,554.0,4.09,135.45
5045,FY26,PH,4,USD,90.0,1.0,90.0
5046,FY26,HK,4,HKD,1635.0,7.8344,208.69
5047,FY26,SG,4,SGD,265.0,1.2712,208.46
5048,FY26,GZ,5,CNY,1190.0,6.8157,174.6
5049,FY26,SZ,5,CNY,1274.0,6.8157,186.92
5050,FY26,MY,5,MYR,593.0,4.09,144.99
5051,FY26,PH,5,USD,117.0,1.0,117.0
5052,FY26,HK,5,HKD,1757.0,7.8344,224.27
5053,FY26,SG,5,SGD,285.0,1.2712,224.2
5054,FY26,GZ,6,CNY,1461.0,6.8157,214.36
5055,FY26,SZ,6,CNY,1753.0,6.8157,257.2
5056,FY26,MY,6,MYR,748.0,4.09,182.89
5057,FY26,PH,6,USD,146.0,1.0,146.0
5058,FY26,HK,6,HKD,2513.0,7.8344,320.76
5059,FY26,SG,6,SGD,407.0,1.2712,320.17
5060,FY26,GZ,7,CNY,1916.0,6.8157,281.12
5061,FY26,SZ,7,CNY,2145.0,6.8157,314.71
5062,FY26,MY,7,MYR,1032.0,4.09,252.32
5063,FY26,PH,7,USD,190.0,1.0,190.0
5064,FY26,HK,7,HKD,2972.0,7.8344,379.35
5065,FY26,SG,7,SGD,482.0,1.2712,379.17
5066,FY26,GZ,8,CNY,2596.0,6.8157,380.89
5067,FY26,SZ,8,CNY,2848.0,6.8157,417.86
5068,FY26,MY,8,MYR,1604.0,4.09,392.18
5069,FY26,PH,8,USD,314.0,1.0,314.0
5070,FY26,HK,8,HKD,4346.0,7.8344,554.73
5071,FY26,SG,8,SGD,705.0,1.2712,554.59
5072,FY27,GZ,3,CNY,738.15,6.8157,108.3
5073,FY27,SZ,3,CNY,738.15,6.8157,108.3
5074,FY27,MY,3,MYR,316.05,4.09,77.27
5075,FY27,PH,3,USD,72.45,1.0,72.45
5076,FY27,HK,3,HKD,1520.4,7.8344,194.07
5077,FY27,SG,3,SGD,246.75,1.2712,194.11
5078,FY27,GZ,4,CNY,992.25,6.8157,145.58
5079,FY27,SZ,4,CNY,1093.05,6.8157,160.37
5080,FY27,MY,4,MYR,581.7,4.09,142.22
5081,FY27,PH,4,USD,94.5,1.0,94.5
5082,FY27,HK,4,HKD,1716.75,7.8344,219.13
5083,FY27,SG,4,SGD,278.25,1.2712,218.89
5084,FY27,GZ,5,CNY,1249.5,6.8157,183.33
5085,FY27,SZ,5,CNY,1337.7,6.8157,196.27
5086,FY27,MY,5,MYR,622.65,4.09,152.24
5087,FY27,PH,5,USD,122.85,1.0,122.85
5088,FY27,HK,5,HKD,1844.85,7.8344,235.48
5089,FY27,SG,5,SGD,299.25,1.2712,235.41
5090,FY27,GZ,6,CNY,1534.05,6.8157,225.08
5091,FY27,SZ,6,CNY,1840.65,6.8157,270.06
5092,FY27,MY,6,MYR,785.4,4.09,192.03
5093,FY27,PH,6,USD,153.3,1.0,153.3
5094,FY27,HK,6,HKD,2638.65,7.8344,336.8
5095,FY27,SG,6,SGD,427.35,1.2712,336.18
5096,FY27,GZ,7,CNY,2011.8,6.8157,295.17
5097,FY27,SZ,7,CNY,2252.25,6.8157,330.45
5098,FY27,MY,7,MYR,1083.6,4.09,264.94
5099,FY27,PH,7,USD,199.5,1.0,199.5
5100,FY27,HK,7,HKD,3120.6,7.8344,398.32
5101,FY27,SG,7,SGD,506.1,1.2712,398.13
5102,FY27,GZ,8,CNY,2725.8,6.8157,399.93
5103,FY27,SZ,8,CNY,2990.4,6.8157,438.75
5104,FY27,MY,8,MYR,1684.2,4.09,411.78
5105,FY27,PH,8,USD,329.7,1.0,329.7
5106,FY27,HK,8,HKD,4563.3,7.8344,582.47
5107,FY27,SG,8,SGD,740.25,1.2712,582.32
